mean_predicted_probability,fraction_positive
8.685443557696637e-06,0.0
1.3347030774037474e-05,0.0
1.9762657232500324e-05,0.0
2.8270704074531382e-05,0.0
3.945167914048284e-05,0.0
5.291250259751588e-05,0.0
7.352303696721978e-05,0.0
0.00010821181369724108,0.0
0.00019347328677900852,0.0
0.4277235939699128,0.43532338308457713
