mean_predicted_probability,fraction_positive
8.487808797212892e-06,0.0
1.34235697441909e-05,0.0
1.972128782945949e-05,0.0
2.763297758065164e-05,0.0
3.806723402703938e-05,0.0
5.158228702469143e-05,0.0
6.885672466523829e-05,0.0
9.602684226967168e-05,0.0
0.00016257484145166534,0.0
0.3619423966492468,0.365
