mean_predicted_probability,fraction_positive
0.00039331806221480913,0.01
0.0012308841683261083,0.0075
0.002194012157831359,0.012531328320802004
0.00344465945672706,0.0175
0.005114867181982821,0.0275
0.0072144288721407825,0.042606516290726815
0.009790835094172496,0.0375
0.013600015237852732,0.047619047619047616
0.021105390307493498,0.045
0.06915094741620123,0.1175
