mean_predicted_probability,fraction_positive
9.627830942955522e-06,0.0
1.4748607054805043e-05,0.0
2.01816013303841e-05,0.0
2.732298810334615e-05,0.0
3.6900150569177375e-05,0.0
4.905897441664767e-05,0.0
6.753756411544944e-05,0.0
9.882554772533375e-05,0.0
0.00022424830160318966,0.0017152658662092624
0.5106524720402214,0.5111492281303602
