mean_predicted_probability,fraction_positive
0.00035129822482369053,0.012437810945273632
0.00125266860797533,0.004975124378109453
0.002287542068663544,0.017412935323383085
0.0035391110216181102,0.014962593516209476
0.005227095961793122,0.02736318407960199
0.00736609694492348,0.029850746268656716
0.01003301718000535,0.05486284289276808
0.014105683426599737,0.0472636815920398
0.021809127482942375,0.0845771144278607
0.07507496153870921,0.1417910447761194
