mean_predicted_probability,fraction_positive
6.844816821606056e-06,0.0
1.0630513868450123e-05,0.0
1.5065995410333162e-05,0.0
2.2327849562314617e-05,0.0
3.1992168939573676e-05,0.0
4.3549957162990786e-05,0.0
5.925981096113286e-05,0.0
8.322729076283129e-05,0.0
0.00015417600651218503,0.0
0.426078747572648,0.4321880650994575
