mean_predicted_probability,fraction_positive
9.703419583110095e-05,0.0162748643761302
0.000399956635397742,0.018083182640144666
0.0007648167441441665,0.009057971014492754
0.0012388132000173114,0.0108499095840868
0.001791774869768427,0.027124773960216998
0.002532681842938541,0.034420289855072464
0.003676917410251842,0.039783001808318265
0.0055431858695489935,0.04528985507246377
0.009353284173346979,0.06871609403254973
0.05009846066783231,0.162748643761302
