mean_predicted_probability,fraction_positive
9.320864718693369e-06,0.0
1.4556617643963526e-05,0.0
2.016816936109377e-05,0.0
2.7534835455856627e-05,0.0
3.7386172828163304e-05,0.0
5.006266557110574e-05,0.0
6.784974288204296e-05,0.0
9.936494660389324e-05,0.0
0.00020152253813396568,0.0
0.4763286442435144,0.4991304347826087
