mean_predicted_probability,fraction_positive
9.2376349109876e-05,0.016544117647058824
0.0003783676648586168,0.011049723756906077
0.0007380522132814688,0.01289134438305709
0.001189541343717853,0.01841620626151013
0.0017219749077790473,0.029465930018416207
0.0025154599001455864,0.027624309392265192
0.003671488501698552,0.03136531365313653
0.005439679604879672,0.04044117647058824
0.0096913628823863,0.0718232044198895
0.05164879242311579,0.1141804788213628
