mean_predicted_probability,fraction_positive
5.246574003971262e-05,0.01565217391304348
0.00018658932639752898,0.003484320557491289
0.00034773321984249997,0.017391304347826087
0.0005677353730363909,0.013937282229965157
0.0008720856989004529,0.02782608695652174
0.0012990104854723,0.02613240418118467
0.0019857342416202727,0.04878048780487805
0.0032118488147692553,0.036521739130434785
0.006495996023843035,0.10104529616724739
0.15279182950763598,0.20869565217391303
