mean_predicted_probability,fraction_positive
6.798587054892296e-06,0.0
1.0560617785418232e-05,0.0
1.495974810065221e-05,0.0
2.1729710101220512e-05,0.0
3.119610453347811e-05,0.0
4.227607137993969e-05,0.0
5.7172184690351534e-05,0.0
8.11515222748685e-05,0.0
0.0001450163586357109,0.0
0.3552953908955837,0.3738489871086556
