mean_predicted_probability,fraction_positive
5.15710746634663e-05,0.015437392795883362
0.00018497128036348856,0.008576329331046312
0.0003556423570821855,0.013745704467353952
0.0005749477298992076,0.017152658662092625
0.0008832641905588517,0.02058319039451115
0.0013161822889460552,0.04639175257731959
0.0020096959373681667,0.0411663807890223
0.003200447378052799,0.05326460481099656
0.006330049332346288,0.07204116638078903
0.1226433135128195,0.22469982847341338
