mean_predicted_probability,fraction_positive
0.0021419152261438873,0.007462686567164179
0.006073119876378042,0.009950248756218905
0.010469647138310001,0.012437810945273632
0.015495159997700004,0.0199501246882793
0.02188355131862471,0.022388059701492536
0.029314379133654762,0.03980099502487562
0.03966407232599662,0.04488778054862843
0.054922138845816766,0.05223880597014925
0.08675474136029902,0.06716417910447761
0.31549525753923907,0.15920398009950248
