mean_predicted_probability,fraction_positive
0.007953234087982512,0.003430531732418525
0.011765641663511042,0.0137221269296741
0.014513401101788186,0.013745704467353952
0.01739155446174418,0.0137221269296741
0.021025085457525565,0.018867924528301886
0.026006317540644776,0.027491408934707903
0.03411551100069315,0.044596912521440824
0.04750520122778374,0.044673539518900345
0.08597948621338676,0.09777015437392796
0.46659987881191806,0.23499142367066894
