mean_predicted_probability,fraction_positive
0.005220471006817303,0.008576329331046312
0.01100410050736487,0.008576329331046312
0.01619640556148083,0.013745704467353952
0.02263670802231411,0.012006861063464836
0.030447897375090037,0.024013722126929673
0.041422565304434174,0.024054982817869417
0.05766455517318194,0.0411663807890223
0.08722947769609514,0.05154639175257732
0.1613050610926098,0.09605488850771869
0.5244862679296252,0.2332761578044597
