mean_predicted_probability,fraction_positive
0.0012206630773180288,0.00686106346483705
0.0029136997501415076,0.015437392795883362
0.004867235320232972,0.01718213058419244
0.007481925504994574,0.017152658662092625
0.01119864478029987,0.010291595197255575
0.016432375210270127,0.022336769759450172
0.024962333882447986,0.06174957118353345
0.04102725394492603,0.044673539518900345
0.08785128135291626,0.0686106346483705
0.46752217156400405,0.24871355060034306
