mean_predicted_probability,fraction_positive
0.03171477490504714,0.028933092224231464
0.15777391800613674,0.025069637883008356
0.16780371911693037,0.05263157894736842
0.17336180217672084,0.04528985507246377
0.1738611421468676,0.05063291139240506
0.17951306503644024,0.059782608695652176
0.19054160368162296,0.0650994575045208
0.22354279013913106,0.07956600361663653
