mean_predicted_probability,fraction_positive
0.00033162068860553075,0.003616636528028933
0.001217942211964702,0.012658227848101266
0.0023951912897746614,0.018115942028985508
0.003975524503070751,0.014466546112115732
0.006108215212599642,0.018083182640144666
0.009401198552475988,0.02717391304347826
0.015102512708395228,0.0325497287522604
0.026499344683859654,0.043478260869565216
0.05561922063502006,0.06871609403254973
0.3593160729403953,0.19349005424954793
