mean_predicted_probability,fraction_positive
0.0023556532851125643,0.007462686567164179
0.006855032278169208,0.007462686567164179
0.011824710725514736,0.012437810945273632
0.018530031343332098,0.014962593516209476
0.027192619406798874,0.03980099502487562
0.03883438479544511,0.04477611940298507
0.056045567435665314,0.02743142144638404
0.08355848476364838,0.03731343283582089
0.1481164552604974,0.06218905472636816
0.449028451903839,0.18159203980099503
