mean_predicted_probability,fraction_positive
0.008693254405090488,0.012437810945273632
0.027831641197278722,0.03731343283582089
0.14518731657769643,0.03225806451612903
0.1516573298080214,0.017241379310344827
0.15170250488306158,0.05223880597014925
0.15180098323007474,0.05486284289276808
0.15376602732275255,0.06218905472636816
0.1560893480605747,0.05721393034825871
0.1614598934700833,0.06467661691542288
