mean_predicted_probability,fraction_positive
0.009000100381503959,0.0054249547920434
0.01667831925368761,0.0108499095840868
0.02147404987877909,0.0036231884057971015
0.026113359688715518,0.0325497287522604
0.031198830443146426,0.0162748643761302
0.03744163774493811,0.02717391304347826
0.04586824937092029,0.0325497287522604
0.06036693490771712,0.04710144927536232
0.08807110418624516,0.08499095840867993
0.25175689131183177,0.1717902350813743
