mean_predicted_probability,fraction_positive
0.005037445950006693,0.007233273056057866
0.01169061595422449,0.0054249547920434
0.01838846222760722,0.012681159420289856
0.026465558795558175,0.0162748643761302
0.036725605974415106,0.014466546112115732
0.05059967030082707,0.034420289855072464
0.06941030570600605,0.0379746835443038
0.10000757582863604,0.041666666666666664
0.16396716453983814,0.09041591320072333
0.4277415235963049,0.1717902350813743
