mean_predicted_probability,fraction_positive
0.00985132251514019,0.0024875621890547263
0.016350690750358852,0.017412935323383085
0.022034171051276256,0.007462686567164179
0.028496630118226163,0.029925187032418952
0.035885069537815166,0.03482587064676617
0.04593089082977961,0.03233830845771144
0.058690961970578395,0.03740648379052369
0.07630886148605773,0.06218905472636816
0.11525528355320885,0.06218905472636816
0.34446454266855375,0.14925373134328357
