mean_predicted_probability,fraction_positive
0.045350674971120226,0.017152658662092625
0.11435728985033615,0.0351890756302521
0.14754941727992243,0.04918032786885246
0.1698561983880718,0.05154639175257732
0.18621377659702792,0.07204116638078903
0.2037310293808426,0.06013745704467354
0.22292243529552047,0.07375643224699828
0.2517309635622015,0.08747855917667238
