dataset_name,split,model_name,structured_encoder,text_embedding_backend,device,n_features,n_examples,loss,auroc,auprc,precision,recall,f1,brier_score,specificity,sensitivity,tp,fp,tn,fn
horizon_12h,val,early_fusion,gru,transformer:emilyalsentzer/Bio_ClinicalBERT,cuda,75,5431,0.17496231180506155,0.7965106418263161,0.17986789589907193,0.29333333333333333,0.21674876847290642,0.24929178470254956,0.042253098049256116,0.9797245600612089,0.21674876847290642,44,106,5122,159
horizon_12h,test,early_fusion,gru,transformer:emilyalsentzer/Bio_ClinicalBERT,cuda,75,5527,0.19231834887281987,0.7834150425056495,0.20064820858816723,0.3103448275862069,0.18828451882845187,0.234375,0.045689015981755426,0.981089258698941,0.18828451882845187,45,100,5188,194
horizon_12h,val,late_fusion,gru,transformer:emilyalsentzer/Bio_ClinicalBERT,cuda,75,5431,0.1681000348947504,0.7911068102411796,0.19956164673094776,0.29518072289156627,0.2413793103448276,0.26558265582655827,0.042794801717673164,0.9776205049732212,0.2413793103448276,49,117,5111,154
horizon_12h,test,late_fusion,gru,transformer:emilyalsentzer/Bio_ClinicalBERT,cuda,75,5527,0.1763026183901753,0.7888690901955323,0.21954936444872492,0.3184713375796178,0.20920502092050208,0.25252525252525254,0.04604517936029534,0.9797655068078669,0.20920502092050208,50,107,5181,189
horizon_12h,val,gated_fusion,gru,transformer:emilyalsentzer/Bio_ClinicalBERT,cuda,75,5431,0.14488553417956127,0.7824286430399403,0.1866967774322107,0.4,0.11822660098522167,0.18250950570342206,0.0354303543658862,0.9931140015302219,0.11822660098522167,24,36,5192,179
horizon_12h,test,gated_fusion,gru,transformer:emilyalsentzer/Bio_ClinicalBERT,cuda,75,5527,0.15954993171563556,0.7800475063141303,0.1763383591924409,0.2777777777777778,0.06276150627615062,0.10238907849829351,0.04028279320350957,0.992624810892587,0.06276150627615062,15,39,5249,224
horizon_12h,val,cross_modal_attention,gru,transformer:emilyalsentzer/Bio_ClinicalBERT,cuda,75,5431,0.2386787556550082,0.6100935282167639,0.06492961292710434,0.0,0.0,0.0,0.05232970061756565,1.0,0.0,0,0,5228,203
horizon_12h,test,cross_modal_attention,gru,transformer:emilyalsentzer/Bio_ClinicalBERT,cuda,75,5527,0.2541552434508511,0.618505465916356,0.06483157253547378,0.0,0.0,0.0,0.056640445444101406,1.0,0.0,0,0,5288,239
